,start_window,tweet_ids,n_tweets
0,2020-06-03 14:00:06,"[1268150465512038403, 1268150470494871556, 1268150484713570304, 1268150504670011392, 1268150517500346368, 1268150558994706432, 1268150610253275138, 1268150614342750208, 1268150637180616706, 1268150718705340416, 1268150720055869440, 1268150795536683008, 1268150940684759042, 1268150985454649344, 1268150996053692418, 1268151053566042113, 1268151184919089153, 1268151206498775047, 1268151220105097216, 1268151220574642176, 1268151222680334336, 1268151241244315649, 1268151341286862850, 1268151348094283776, 1268151397721276417, 1268151404214071297, 1268151481397583875, 1268151651606704128, 1268151652806246402]",29
1,2020-06-03 14:05:06,"[1268151959002939397, 1268152001021513729, 1268152003991044099, 1268152021930180609, 1268152069233532928, 1268152091450753024, 1268152154629509121, 1268152259470336002, 1268152390672359425, 1268152403729276928, 1268152521337516032, 1268152575066550274, 1268152589075578881, 1268152601239060482, 1268152660991135749, 1268152661318262785, 1268152696764325889, 1268152716922105858, 1268152751583870976, 1268152811088478213, 1268152820349493249, 1268152822274588672, 1268152833108594689, 1268152834756919300, 1268152898770350080, 1268152966508351490, 1268152968169259008]",27
2,2020-06-03 14:10:06,"[1268152999685361664, 1268153029309710338, 1268153132552458243, 1268153146964049922, 1268153178350067721, 1268153187455959040, 1268153268628307974, 1268153283639685120, 1268153301872377856, 1268153302438547456, 1268153322617307137, 1268153337028976641, 1268153351067308032, 1268153379479568384, 1268153420634116096, 1268153464489758725, 1268153475633950720, 1268153514955542532, 1268153553274757120, 1268153701769805826, 1268153816274341890, 1268153829637468161, 1268153868988407808, 1268153878878523394, 1268153938244784130, 1268153972063428608, 1268154015675813888, 1268154077072031749, 1268154088941858816, 1268154164347113472, 1268154165223718912, 1268154199516250112]",32
3,2020-06-03 14:15:06,"[1268154280067977216, 1268154345364783114, 1268154348258971648, 1268154371117920256, 1268154427350945798, 1268154472234135552, 1268154502168928262, 1268154504207351808, 1268154566677270528, 1268154591792807936, 1268154640027262976, 1268154758763773956, 1268154796382486533, 1268154847448236032, 1268154854591119366, 1268155023189565440, 1268155055355629569, 1268155062783750144, 1268155096426217472, 1268155135362023424, 1268155164134985728, 1268155210448470023, 1268155367768416257, 1268155423665897472, 1268155449737654276, 1268155477705326592]",26
4,2020-06-03 14:20:06,"[1268155502648836096, 1268155511519748096, 1268155589047312385, 1268155590351769600, 1268155639949385728, 1268155731066392576, 1268155745385709573, 1268155840978173957, 1268155841716334595, 1268155871013543937, 1268155894170337286, 1268155902709940224, 1268155921596928000, 1268155924725796864, 1268155938760011777, 1268155951544250377, 1268156011778658304, 1268156045026824195, 1268156260291088385, 1268156316654190593, 1268156331053256706, 1268156445763264513, 1268156453266821122, 1268156474641076225, 1268156476880756739, 1268156517414510594, 1268156661786705921, 1268156701469020160, 1268156702219796482, 1268156731370147841, 1268156745765007366]",31
5,2020-06-03 14:25:06,"[1268156767697014785, 1268156779420098561, 1268156906666852353, 1268156954020642816, 1268157078004289536, 1268157154504081409, 1268157217469018112, 1268157238386085889, 1268157335949672448, 1268157363615420416, 1268157407563153408, 1268157511724605440, 1268157522592116737, 1268157578699255809, 1268157729790558208, 1268157742973431810, 1268157744412057600, 1268157762615365633, 1268157764829839361, 1268157784752902144, 1268157791002296323, 1268157897734868992, 1268157937207427073, 1268157977351069704, 1268157980916187137]",25
6,2020-06-03 14:30:06,"[1268158033042997254, 1268158053272215552, 1268158105973592064, 1268158160105324544, 1268158226182344704, 1268158340582068224, 1268158422987522050, 1268158434240876545, 1268158485889527810, 1268158560963383298, 1268158579913129984, 1268158583671336960, 1268158619121602562, 1268158695382364166, 1268158777213300738, 1268158807378714624, 1268158825066045445, 1268159007379935232, 1268159072576122880, 1268159079517749248, 1268159084613820417, 1268159237051604992]",22
7,2020-06-03 14:35:06,"[1268159512797683713, 1268159591285735430, 1268159648366018571, 1268159663134081024, 1268159703416295425, 1268159771347169285, 1268159809339170818, 1268159924338556928, 1268159926230298626, 1268160016462331904, 1268160033617063936, 1268160135844769793, 1268160143365230594, 1268160245731393536, 1268160285740797952, 1268160290853511168, 1268160346885443585, 1268160390116052998, 1268160430444249089, 1268160452921622530, 1268160461779976192]",21
8,2020-06-03 14:40:06,"[1268160569586192386, 1268160634413297664, 1268160656676618241, 1268160713404678145, 1268160735936471041, 1268160808548102144, 1268160979327746048, 1268160994913644545, 1268161025762824193, 1268161075146567684, 1268161181145075714, 1268161222991654915, 1268161272127918080, 1268161314804858880, 1268161317082476546, 1268161325441712131, 1268161406731530241, 1268161407692005433, 1268161431976976385, 1268161447584051206, 1268161492807024640, 1268161566610001920, 1268161579868135435]",23
9,2020-06-03 14:45:06,"[1268161837629157376, 1268161882562625540, 1268161907267178496, 1268161927383068672, 1268161995221729280, 1268162109361307648, 1268162166223495171, 1268162221470777344, 1268162229280612352, 1268162238025695238, 1268162355688542211, 1268162371064934400, 1268162397564518400, 1268162397983789056, 1268162463448600577, 1268162509661495296, 1268162629576638464, 1268162677257441280, 1268162704075882503, 1268162722589483008, 1268162751735750659, 1268162753161768960, 1268162805846478855, 1268162849886613504, 1268162856010342401, 1268162884674215937, 1268162941586677761, 1268162977141841921, 1268163002760658945]",29
10,2020-06-03 14:50:06,"[1268163069643014144, 1268163184088752129, 1268163331149438978, 1268163356642488324, 1268163412128915459, 1268163687048675332, 1268163769924018178, 1268163784104914949, 1268163786634133506, 1268163855743627264, 1268163861082968064, 1268163865172459520, 1268163873359757312, 1268163928963637248, 1268164017241104384, 1268164046303436801, 1268164116377673728, 1268164202528727041, 1268164239761510400, 1268164270715482119, 1268164273576042501, 1268164302671880195]",22
11,2020-06-03 14:55:06,"[1268164340018040832, 1268164364370141185, 1268164368321167361, 1268164403297431554, 1268164409341419521, 1268164415993544704, 1268164454660952065, 1268164463565459456, 1268164500752150528, 1268164522365407238, 1268164567961686022, 1268164650119696384, 1268164672013971456, 1268164746701832194, 1268164794701549568, 1268164822182629379, 1268164934514421761, 1268164960154198020, 1268165162734891013, 1268165175347220482, 1268165213058142214, 1268165258130141185, 1268165388921176065, 1268165525886156800]",24
12,2020-06-03 15:00:06,"[1268165574019948546, 1268165674838482945, 1268165775023620100, 1268165827091726336, 1268165874856443904, 1268165918124847104, 1268165985477017601, 1268165987548958720, 1268166007387979776, 1268166011477516289, 1268166031039770630, 1268166082675781635, 1268166091055992832, 1268166135423414273, 1268166186325422081, 1268166190716895234, 1268166297340334080, 1268166356240936961, 1268166427728543748, 1268166429406363650, 1268166458376441860, 1268166480996302848, 1268166581353406464, 1268166692879896577, 1268166740367872002, 1268166815022231553]",26
13,2020-06-03 15:05:06,"[1268166839135281159, 1268166869682466818, 1268166870705856512, 1268166900762189830, 1268166911713476608, 1268166911801597952, 1268166973537517568, 1268167108690616320, 1268167184699854848, 1268167250936291332, 1268167383119781888, 1268167427076034567, 1268167489818632193, 1268167561465737222, 1268167611260571650, 1268167614473388035, 1268167631745449984, 1268167642424193025, 1268167725815398412, 1268167757893378048, 1268167760883920896, 1268167781100503040, 1268167824951906305, 1268167851963269125, 1268167898201292804]",25
14,2020-06-03 15:10:06,"[1268168214300823553, 1268168240804646921, 1268168327823794176, 1268168442131161089, 1268168443217444874, 1268168460330250241, 1268168542173761536, 1268168700382887937, 1268168719626317824, 1268168737640906754, 1268168748688723974, 1268168950048788482, 1268169077312425986, 1268169120794771457, 1268169139677511680, 1268169157532618758, 1268169207822389248, 1268169225769750530]",18
15,2020-06-03 15:15:06,"[1268169430627954688, 1268169503483011072, 1268169525620625409, 1268169529521311746, 1268169538111180803, 1268169563042177024, 1268169636190859272, 1268169659410415619, 1268169706474741760, 1268169726284500992, 1268169826280718339, 1268169913534951430, 1268169922309435393, 1268169946275680258, 1268170133903679489, 1268170245803511809, 1268170404272668672, 1268170500976578561]",18
16,2020-06-03 15:20:06,"[1268170602646568960, 1268170616986877953, 1268170778350100482, 1268170817055215618, 1268170835640139776, 1268170839545053187, 1268170841575079936, 1268170925507325952, 1268170937507160067, 1268170964115865600, 1268171079064997890, 1268171103886815232, 1268171104323088389, 1268171248569397250, 1268171252117770245, 1268171401078493184, 1268171409295015936, 1268171509144735744, 1268171519911497728, 1268171533391998977, 1268171553746845697, 1268171644738174976, 1268171722282405889]",23
17,2020-06-03 15:25:06,"[1268171957616476160, 1268171980672503813, 1268172048356040704, 1268172091058241537, 1268172152714473474, 1268172351256121344, 1268172356985458690, 1268172655628300288, 1268172674204827650, 1268172757105356800, 1268172775136604162, 1268172812138811393, 1268172818975465472, 1268173049368641536, 1268173064128380933]",15
18,2020-06-03 15:30:06,"[1268173307209297921, 1268173310778650626, 1268173341992660998, 1268173361806483458, 1268173377837154304, 1268173390361264128, 1268173432707055616, 1268173459294691329, 1268173878490169345, 1268173900288012293, 1268173985377894400, 1268173988620046338, 1268174154139910153, 1268174163883233281, 1268174277985144832, 1268174311795437570, 1268174328694280193, 1268174341604343809]",18
19,2020-06-03 15:35:06,"[1268174372486995975, 1268174385023778816, 1268174389545259009, 1268174412035108869, 1268174454863134720, 1268174465596379136, 1268174507606409217, 1268174560282710019, 1268174665580675072, 1268174722568720384, 1268174747248070656, 1268174790843674625, 1268174828667842560, 1268174836016263168, 1268174859286315010, 1268174859768598529, 1268174859978379265, 1268174861987430400, 1268174911366971392, 1268175028572557317, 1268175091193479175, 1268175200996200450, 1268175202019692546, 1268175211670769671, 1268175224362729479, 1268175261297770496, 1268175285935013890, 1268175554181767173, 1268175578106155012]",29
20,2020-06-03 15:40:06,"[1268175665037180928, 1268175685304147970, 1268175707856932865, 1268175708750319616, 1268175730229350400, 1268175836101971968, 1268175884583940097, 1268175891697451009, 1268175912182448129, 1268175913331634176, 1268175929953652737, 1268175989533794308, 1268176161466650627, 1268176205813080064, 1268176209499893761, 1268176214155558912, 1268176327695269894, 1268176381260816386, 1268176485166260225, 1268176505055698944, 1268176538262016001, 1268176559065763840, 1268176582675509249, 1268176669220667394, 1268176690880155648, 1268176720261152769, 1268176821830537216]",27
21,2020-06-03 15:45:06,"[1268177070175199236, 1268177071316099072, 1268177102643384326, 1268177123648339968, 1268177124109803520, 1268177167311126528, 1268177193693261824, 1268177209707114499, 1268177214652153858, 1268177224441778176, 1268177233631481858, 1268177240069681154, 1268177273431240706, 1268177286592958464, 1268177317064564738, 1268177332986052608, 1268177344172302336, 1268177366888714242, 1268177395930091526, 1268177523810107394, 1268177528742699011, 1268177569213489161, 1268177581695799301, 1268177595679617025, 1268177657444868102, 1268177661416914954, 1268177732468445184, 1268177807882027008, 1268177839309885442, 1268177887456382980, 1268177917932195841, 1268177932138221569, 1268177984969728004, 1268177990116167684, 1268178018327035904, 1268178018645749763, 1268178061310255104, 1268178061322846210, 1268178125713702919]",39
22,2020-06-03 15:50:06,"[1268178180759851010, 1268178316458168321, 1268178391284346881, 1268178427858821122, 1268178434515181570, 1268178438436859904, 1268178465544691718, 1268178467394379778, 1268178478341464064, 1268178492115619841, 1268178545840357376, 1268178575368339456, 1268178588689403904, 1268178645505499138, 1268178664811831296, 1268178674840453120, 1268178678820884482, 1268178762232999936, 1268178786429931523, 1268178895884505091, 1268178923386527745, 1268178926561607681, 1268178973420371977, 1268179032862076928, 1268179059718131712, 1268179071722295296, 1268179091972403204, 1268179103200444416, 1268179204031553537, 1268179276949450752, 1268179292309110790, 1268179300618063881, 1268179316870918144, 1268179360940535808, 1268179367903068162, 1268179393538654208]",36
23,2020-06-03 15:55:06,"[1268179444742717442, 1268179448941207555, 1268179537499693058, 1268179563554770944, 1268179564917858305, 1268179581019848705, 1268179596358410240, 1268179659956670464, 1268179663316226048, 1268179755419013125, 1268179766152134656, 1268179778319900677, 1268179779699834881, 1268179831847600130, 1268179916874485761, 1268179917365223426, 1268179946368839680, 1268179960461697026, 1268179984864235521, 1268180016585756672, 1268180026526175232, 1268180103751774209, 1268180144965005313, 1268180165953236993, 1268180178146033664, 1268180241014497281, 1268180289068638211, 1268180343909212174, 1268180345704329216, 1268180366633902080, 1268180394945413120, 1268180460229799938, 1268180476885377024, 1268180498796425217, 1268180510301458437, 1268180526776700935]",36
24,2020-06-03 16:00:06,"[1268180691205992448, 1268180797728702465, 1268180820197588992, 1268180843358564355, 1268180848706273281, 1268180887553925120, 1268180920118411265, 1268180950636265473, 1268181002628841473, 1268181036640370689, 1268181192693682176, 1268181278060404737, 1268181320129282049, 1268181529420795904, 1268181584953446407, 1268181605979471872, 1268181658944995329, 1268181669628043264, 1268181694923890689, 1268181752511639559, 1268181781259395083, 1268181806794317824, 1268181823605047297, 1268181850641633280, 1268181907684106242]",25
25,2020-06-03 16:05:06,"[1268181946611490817, 1268181954974941184, 1268181964328181760, 1268181971152375808, 1268182064446287872, 1268182154242076673, 1268182183455477760, 1268182227801735170, 1268182266410340355, 1268182277990866945, 1268182311591428098, 1268182334400012289, 1268182381674061825, 1268182528332107776, 1268182620766175239, 1268182640651374592, 1268182850593083394, 1268182886227771394, 1268182903864909825, 1268182933518651395, 1268183167665610754]",21
26,2020-06-03 16:10:06,"[1268183233927266316, 1268183307877056521, 1268183375216545793, 1268183388034338817, 1268183390961963008, 1268183405038129152, 1268183548076449797, 1268183592766779393, 1268183611850797062, 1268183668570415108, 1268183756331986947, 1268183826628521984, 1268184023194636293, 1268184043591327744, 1268184203377729537, 1268184224353464320, 1268184240975425536, 1268184263322750979, 1268184272512393217, 1268184366594883584]",20
27,2020-06-03 16:15:06,"[1268184471477669888, 1268184641141444608, 1268184645541265410, 1268184648108081152, 1268184659407638529, 1268184678835662849, 1268184679162753024, 1268184710808850432, 1268184800973725696, 1268184830518480896, 1268184857546493952, 1268185019878645760, 1268185169023979521, 1268185287659831296, 1268185322837417986, 1268185323063988228, 1268185345000120322, 1268185357641809920, 1268185358526812164, 1268185398959890433, 1268185450470084608, 1268185472565686273, 1268185485685469184, 1268185548977561601, 1268185552475623425, 1268185636273557507, 1268185685921533953]",27
28,2020-06-03 16:20:06,"[1268185735489871875, 1268185735582158848, 1268185867065180161, 1268186034279460866, 1268186101409292290, 1268186195940593670, 1268186269508648963, 1268186357542858752, 1268186458801745925, 1268186502166708226, 1268186508537876481, 1268186581313126400, 1268186598010761216, 1268186662640762880, 1268186765136969734, 1268186820665397250, 1268186851631923214, 1268186908095586305, 1268186926953238533]",19
29,2020-06-03 16:25:06,"[1268187010910564353, 1268187023124377602, 1268187153776992258, 1268187229958156296, 1268187242335547392, 1268187271330779136, 1268187418634727425, 1268187435541897216, 1268187484392808448, 1268187567767379969, 1268187574847365121, 1268187585744121856, 1268187588831174657, 1268187695911776256, 1268187716384174081, 1268187725578014720, 1268187806393925633, 1268187890959466496, 1268187910685294599, 1268187940624248834, 1268188015555461120, 1268188064582709250, 1268188161278193664, 1268188171470344199]",24
30,2020-06-03 16:30:06,"[1268188271152070656, 1268188352441995264, 1268188494951854080, 1268188510143631361, 1268188728369037315, 1268188839820103680, 1268188918467395584, 1268189151733714944, 1268189245656743938, 1268189361427877888, 1268189414079029249]",11
31,2020-06-03 16:35:06,"[1268189483264081921, 1268189539442610177, 1268189628177276933, 1268189660179771393, 1268189754320879616, 1268189809895497740, 1268189816149233666, 1268189843772837892, 1268189857026838531, 1268189878170288128, 1268190022768963585, 1268190097670799371, 1268190109725327363, 1268190142298292224, 1268190150091137024, 1268190168818868229, 1268190224607318017, 1268190376969543681, 1268190411065036800, 1268190589952155648, 1268190723641393152]",21
32,2020-06-03 16:40:06,"[1268190849105567744, 1268190874153955332, 1268191040399433728, 1268191063380054017, 1268191121102049281, 1268191124654641152, 1268191247753261057, 1268191284197556225, 1268191297090793473, 1268191328028037124, 1268191342691311616, 1268191356977065989, 1268191365156032512, 1268191547130023936, 1268191564133695490, 1268191636623851523, 1268191871500726278, 1268191883370561538, 1268191897476124673, 1268191900676153344, 1268191934805356546, 1268191941801451520]",22
33,2020-06-03 16:45:06,"[1268191988219875332, 1268191989612363784, 1268191991713718273, 1268192037137858560, 1268192060542238721, 1268192359734542336, 1268192451388375040, 1268192494308732929, 1268192497651589120, 1268192534955732999, 1268192589771091969, 1268192729487507456, 1268192781413072901, 1268192790724448258, 1268192822773059585, 1268192824761163776, 1268192878204989440, 1268192904734035968, 1268192912095019009, 1268192918520639488, 1268192988439740416, 1268192995893002241, 1268193103669837826, 1268193147558993921, 1268193194275201025]",25
34,2020-06-03 16:50:06,"[1268193321836519424, 1268193414979485700, 1268193434684317702, 1268193543362838529, 1268193589047287809, 1268193623969091587, 1268193677119291397, 1268193742491725824, 1268193782161453056, 1268193787676889088, 1268193797525123073, 1268193860146155520, 1268193885286735873, 1268193953423245313, 1268194001947176973, 1268194027029106688, 1268194072583450627, 1268194226539544576, 1268194323390226432, 1268194378339815424, 1268194434623180803, 1268194452973240326, 1268194480756228103]",23
35,2020-06-03 16:55:06,"[1268194542534172676, 1268194662604574721, 1268194675707580416, 1268194768275812352, 1268194781584396288, 1268194805441597441, 1268194846419955714, 1268194854514962432, 1268194864698621954, 1268194911796559878, 1268194961025089541, 1268194983460438021, 1268195082722779141, 1268195101890809856, 1268195227598282754, 1268195239107407889, 1268195264713670657, 1268195270229139457, 1268195277405650945, 1268195290424791041, 1268195336759230464, 1268195352936501248, 1268195405524803588, 1268195421656137728, 1268195557098631172, 1268195668474109954, 1268195669011050496, 1268195739361918976]",28
36,2020-06-03 17:00:06,"[1268195909315280900, 1268195948267741184, 1268195980006100997, 1268196000344215552, 1268196000906256385, 1268196049333690373, 1268196094758002688, 1268196103624818688, 1268196154891788288, 1268196182733533185, 1268196245434175489, 1268196282994241543, 1268196432080703489, 1268196460287406080, 1268196500426948611, 1268196503924944896, 1268196583272861702, 1268196584426287104, 1268196589933338624, 1268196618609864705, 1268196815083646976]",21
37,2020-06-03 17:05:06,"[1268197022118666241, 1268197027025874944, 1268197072987140107, 1268197101495869442, 1268197139102019585, 1268197188854853632, 1268197226679017474, 1268197238100185091, 1268197265996480513, 1268197289824305153, 1268197448402558988, 1268197486105112576, 1268197503490502656, 1268197518757769217, 1268197578669207560, 1268197616057290752, 1268197622340366336, 1268197658214256641, 1268197722168995846, 1268197760446193665, 1268197790116720643, 1268197832684683264, 1268197863831592961, 1268197941384228866, 1268197972107497472, 1268198018014162949, 1268198031238799360, 1268198046992646144, 1268198049735675904, 1268198072816893957, 1268198115246575616, 1268198115833716736, 1268198133793796096, 1268198158087213056, 1268198179700445186, 1268198225783259138]",36
38,2020-06-03 17:10:06,"[1268198298449596417, 1268198402073993216, 1268198416586285056, 1268198421426589699, 1268198493518249984, 1268198501193854977, 1268198627605872641, 1268198755918139393, 1268198772951130112, 1268198876575645699, 1268198909509357569, 1268198911136747522, 1268198918887739399, 1268198946075271168, 1268198952786067456, 1268199026454822914, 1268199063742185472, 1268199082239102976, 1268199087494631432, 1268199145032101894, 1268199153676570630, 1268199183711862785, 1268199199557984257, 1268199242713227264, 1268199266721431553, 1268199282844356611, 1268199303585173506, 1268199317401145345, 1268199327924658176, 1268199329006747650, 1268199378201780224]",31
39,2020-06-03 17:15:06,"[1268199554614284289, 1268199573278937089, 1268199598364950537, 1268199618258624512, 1268199642287820800, 1268199643617337345, 1268199658280673285, 1268199782872473601, 1268199788543119360, 1268199810856779776, 1268199813235068929, 1268199825310453760, 1268199921330651138, 1268199933938675712, 1268199954935418880, 1268200009952092166, 1268200020286869504, 1268200104374263810, 1268200155934793732, 1268200178626027522, 1268200247014109185, 1268200322536701952, 1268200346536607744, 1268200348168093708, 1268200363175411716, 1268200392560607232, 1268200462936936449, 1268200484839600129, 1268200509439123456, 1268200512244944897, 1268200535968137216, 1268200540783116292, 1268200618168123394, 1268200658802487299, 1268200669321854981, 1268200709700423682, 1268200727454855169, 1268200739395928065, 1268200746778050565, 1268200764310159362, 1268200786158333953]",41
40,2020-06-03 17:20:06,"[1268200813010313216, 1268200842873712641, 1268200845839151105, 1268200925711253507, 1268200938579415046, 1268200949224542210, 1268200954203115521, 1268200974692372482, 1268200979129946114, 1268200979209601036, 1268201039733362689, 1268201069445775362, 1268201129642426372, 1268201167558971396, 1268201215365648384, 1268201221418037248, 1268201224958095360, 1268201238383996928, 1268201244927168514, 1268201248769150981, 1268201267886686211, 1268201287520333824, 1268201291207106561, 1268201294558384128, 1268201299587280897, 1268201370219249664, 1268201375307005954, 1268201424493645827, 1268201464096264192, 1268201475097927680, 1268201509021454338, 1268201534652809216, 1268201549160837121, 1268201581809487873, 1268201607394734080, 1268201617821753347, 1268201659785609216, 1268201667855634432, 1268201669449388037, 1268201823002902533, 1268201846902075395, 1268201857945604099, 1268201867634446337, 1268201868615966720, 1268201884164243457, 1268201923875872768, 1268201944016969731, 1268201954163011586, 1268201984336842752]",49
41,2020-06-03 17:25:06,"[1268202060576624643, 1268202060828356610, 1268202071628623874, 1268202077387448320, 1268202123789062144, 1268202146941542402, 1268202191308947457, 1268202196354678788, 1268202208975339520, 1268202214574743555, 1268202244429807616, 1268202249047756806, 1268202249647542274, 1268202279351566339, 1268202299123470339, 1268202345407680518, 1268202359341096966, 1268202366328864768, 1268202368052707328, 1268202378588758016, 1268202390550974464, 1268202404870270976, 1268202437254537217, 1268202492036362240, 1268202497837019138, 1268202557647785985, 1268202589876871172, 1268202622055518208, 1268202632641949697, 1268202663008665600, 1268202667903463426, 1268202754230624259, 1268202795133534208, 1268202813634613248, 1268202818562818055, 1268202864482103298, 1268202875454459906, 1268202880139485185, 1268202902339936268, 1268202927556100097, 1268202931259609088, 1268202937676947458, 1268202951241273345, 1268203005712699392, 1268203024624779265, 1268203073371082760, 1268203092182532096, 1268203131827040263, 1268203138986717187, 1268203152106496000, 1268203169827508224, 1268203202727546880, 1268203225695629315, 1268203258834804737, 1268203259287801857, 1268203307811700737, 1268203308377944070, 1268203310072369152]",58
42,2020-06-03 17:30:06,"[1268203312832229376, 1268203315495665665, 1268203373343408140, 1268203381350416388, 1268203404213575682, 1268203406126129152, 1268203421808627712, 1268203468008890368, 1268203475361566720, 1268203489458561034, 1268203530596364289, 1268203560258371585, 1268203682568572930, 1268203748976926722, 1268203767117250560, 1268203806392758272, 1268203950588780544, 1268203974982873088, 1268204006708576257, 1268204015390769152, 1268204045380059138, 1268204053764485127, 1268204081392365569, 1268204137763803142, 1268204166889046017, 1268204173864173577, 1268204241199431682, 1268204247662895104, 1268204254549946375, 1268204256676458498, 1268204281527709697, 1268204314260115457, 1268204349026701312, 1268204351862059009, 1268204407746891778, 1268204444988198914, 1268204451019608064, 1268204457109655565, 1268204479612141568, 1268204494527004672, 1268204510893178881, 1268204521098002435, 1268204559656239116, 1268204563317821440]",44
43,2020-06-03 17:35:06,"[1268204602412929024, 1268204641579413508, 1268204645815549966, 1268204679038676994, 1268204721904508931, 1268204736211234816, 1268204762970886163, 1268204790376468481, 1268204834156695560, 1268204841391792129, 1268204862858244096, 1268204892457484288, 1268204933540651008, 1268204936082395136, 1268204947641958400, 1268204981125107714, 1268204989974970368, 1268205015291830274, 1268205062314172416, 1268205079804489728, 1268205097705631744, 1268205154463031298, 1268205215628525568, 1268205225279709184, 1268205250265169922, 1268205285694418944, 1268205291268603908, 1268205297480458242, 1268205309786566658, 1268205322537185284, 1268205366564790273, 1268205370645852171, 1268205379877507072, 1268205390392688640, 1268205404191813632, 1268205416539983872, 1268205432713236480, 1268205472269717505, 1268205478150123520, 1268205498001772548, 1268205498349899778, 1268205518260260864, 1268205528020377600, 1268205558236164097, 1268205566012329990, 1268205575801835520, 1268205578863538177, 1268205584014364673, 1268205585499074560, 1268205599604518914, 1268205601479364609, 1268205606428704768, 1268205658555416579, 1268205676561604613, 1268205682790150146, 1268205684878905344, 1268205696400723969, 1268205699231895555, 1268205717254803461, 1268205748418478081, 1268205788620865539, 1268205797248569350]",62
44,2020-06-03 17:40:06,"[1268205858313441281, 1268205964575924224, 1268205974319280128, 1268206010973458434, 1268206028979568641, 1268206047988199425, 1268206049896652800, 1268206065386164224, 1268206108080058372, 1268206193895489537, 1268206197011812354, 1268206229328969730, 1268206262724038659, 1268206285096398849, 1268206297108922374, 1268206300225253376, 1268206302888591361, 1268206358152851456, 1268206372904210436, 1268206439232933889, 1268206460774866944, 1268206477287854082, 1268206508279566339, 1268206529104285704, 1268206555524194306, 1268206681110036480, 1268206731487850496, 1268206762991255552, 1268206769807003649, 1268206814501445632, 1268206814556033025, 1268206829126987778, 1268206848521449473, 1268206862220111872, 1268206884273651713, 1268206918402805762, 1268206936517947392, 1268206944080334854, 1268206953672695810, 1268206984974737410, 1268206986589601792, 1268206998140715009, 1268207010123784194, 1268207024774557696, 1268207052150779905, 1268207057464889346, 1268207074091114497, 1268207079925469185]",48
45,2020-06-03 17:45:06,"[1268207090973265925, 1268207098355220481, 1268207104466321414, 1268207124783550470, 1268207142923898880, 1268207148816904193, 1268207161164926976, 1268207163853455361, 1268207168395845633, 1268207173634600961, 1268207214222811136, 1268207236159025154, 1268207255935123456, 1268207264852312065, 1268207283827363843, 1268207299635695616, 1268207329079631876, 1268207371979022344, 1268207379084120065, 1268207410533076993, 1268207428820180998, 1268207455177043969, 1268207470482202627, 1268207491374034945, 1268207506909691905, 1268207511229825027, 1268207533346480130, 1268207537712762881, 1268207537947631616, 1268207547934289928, 1268207589352976388, 1268207604200869889, 1268207614338519040, 1268207672542846976, 1268207675046838273, 1268207683951366146, 1268207778256105472, 1268207781343100932, 1268207783972831232, 1268207788779548672, 1268207841078390785, 1268207853023592448, 1268207856999956482, 1268207862972657664, 1268207879741411331, 1268207894962548737, 1268207929271910400, 1268207942110765064, 1268207960947339264, 1268208001598586886, 1268208009659940871, 1268208012172328961, 1268208069428813827, 1268208071362387971, 1268208090765234178, 1268208138236428290, 1268208142078431232, 1268208151775588355, 1268208173804027904, 1268208217802387457, 1268208237163184129, 1268208286115008513, 1268208294851723264, 1268208301474557952, 1268208317459050499, 1268208324673245185, 1268208331811950592]",67
46,2020-06-03 17:50:06,"[1268208351332237316, 1268208359469178886, 1268208362132471811, 1268208389483646976, 1268208405015146498, 1268208422262116355, 1268208435180470273, 1268208454684082179, 1268208456647016448, 1268208479174524930, 1268208483633106944, 1268208486787289090, 1268208501807079429, 1268208507666550786, 1268208517074366467, 1268208533159493636, 1268208536602972163, 1268208554919571456, 1268208574158835717, 1268208578692816901, 1268208600117370882, 1268208607759413250, 1268208626696630274, 1268208635190095872, 1268208654672711680, 1268208667658248192, 1268208707533496321, 1268208708066172930, 1268208712763801601, 1268208713837535233, 1268208718761558018, 1268208729973030919, 1268208736826466305, 1268208786445086721, 1268208791704780802, 1268208816958685186, 1268208827889070080, 1268208849858760704, 1268208856284397583, 1268208857815437312, 1268208863154667526, 1268208870985433089, 1268208888152764417, 1268208907933159425, 1268208911020154884, 1268208913964568579, 1268208917143748608, 1268208926107078656, 1268208927335907337, 1268208939046522881, 1268208972454035457, 1268208983531311110, 1268208997317910529, 1268209003949105152, 1268209007325515776, 1268209009204629505, 1268209029723164673, 1268209030113214464, 1268209033456103433, 1268209063533445121, 1268209099679858693, 1268209107829432322, 1268209116088020993, 1268209125344841733, 1268209130088660999, 1268209137621630981, 1268209144957468676, 1268209157011841030, 1268209169712189440, 1268209191250014208, 1268209206576001026, 1268209222447235074, 1268209230001180672, 1268209248611241989, 1268209254449786880, 1268209269784150016, 1268209271319269376, 1268209273865199616, 1268209310875688960, 1268209321659322371, 1268209358112010247, 1268209376797626373, 1268209379913994241, 1268209416983191558, 1268209464873713673, 1268209466765381634, 1268209473409212417, 1268209480983908354, 1268209500441530368, 1268209552396357633, 1268209577956278276, 1268209599515111425]",92
47,2020-06-03 17:55:06,"[1268209606049832962, 1268209618750189570, 1268209619371012096, 1268209658835148800, 1268209689663340544, 1268209718264311808, 1268209728901054464, 1268209738426310656, 1268209741425266689, 1268209745627922432, 1268209747666309123, 1268209767450902535, 1268209774073655300, 1268209775747239936, 1268209809037410309, 1268209837973831682, 1268209845301362691, 1268209847243325440, 1268209855288029185, 1268209858874159104, 1268209865534713857, 1268209884648046592, 1268209892680228864, 1268209896551571457, 1268209900666212354, 1268209932761006080, 1268209956035182592, 1268209956362354688, 1268209962645434369, 1268209966168539142, 1268209973953286148, 1268209975656136709, 1268210001069453312, 1268210001371435008, 1268210007167897600, 1268210010816946176, 1268210038507802624, 1268210040915312652, 1268210067683397632, 1268210071638618112, 1268210086289248261, 1268210086968786950, 1268210087681830913, 1268210131403255808, 1268210148247515137, 1268210161321213953, 1268210176169033728, 1268210210340065280, 1268210243420463105, 1268210250034929664, 1268210253281271810, 1268210260269060096, 1268210260822691848, 1268210263213445136, 1268210275024584706, 1268210276383494148, 1268210293311750145, 1268210294502961153, 1268210333904179206, 1268210351360872453, 1268210357966905345, 1268210367752175617, 1268210374370885633, 1268210379106197504, 1268210399477936135, 1268210400660803587, 1268210457493585920, 1268210465903165440, 1268210476703535105, 1268210481803689986, 1268210508785766402, 1268210509318365185, 1268210534899494919, 1268210536321335306, 1268210539043356673, 1268210555468361728, 1268210557598957570, 1268210585071685632, 1268210598598279169, 1268210706278756354, 1268210716886122503, 1268210722896515073, 1268210741447995392, 1268210753481383936, 1268210758040592390, 1268210764923523073, 1268210781159591937, 1268210793385951242, 1268210795160186888, 1268210800759582721, 1268210811006320643, 1268210815653556225, 1268210819155857412, 1268210824331624449, 1268210824394543115, 1268210826638311424, 1268210829415112707, 1268210849535201285, 1268210858750095360, 1268210860352253954]",100
48,2020-06-03 18:00:06,"[1268210865003810818, 1268210885455163395, 1268210886440779787, 1268210907399827456, 1268210948579504131, 1268210951456804864, 1268210968921698305, 1268210976748380164, 1268210980573589505, 1268210987984998400, 1268211012123136002, 1268211015159705601, 1268211032721199106, 1268211046873018368, 1268211060437389314, 1268211069421588480, 1268211104343261184, 1268211109032574976, 1268211109514928134, 1268211117244981257, 1268211125587501056, 1268211132206059522, 1268211135095996416, 1268211137755189248, 1268211220386942976, 1268211221272166401, 1268211225600708613, 1268211298438873088, 1268211314419261444, 1268211344588890113, 1268211356202938368, 1268211364394340355, 1268211367376564227, 1268211377765826561, 1268211379275804675, 1268211388050219015, 1268211394878607360, 1268211465804283912, 1268211473341440002, 1268211500210151424, 1268211513644417025, 1268211528970403844, 1268211554048258048, 1268211582338830338, 1268211609371119617, 1268211614832082959, 1268211618980270080, 1268211690421829634, 1268211697753481217, 1268211699938705408, 1268211711208763393, 1268211741508460546, 1268211743412703235, 1268211743437750272, 1268211760902942725, 1268211768867913731, 1268211792699895808, 1268211797770862593, 1268211805970669571, 1268211819996422144, 1268211837146931202, 1268211844738662402, 1268211903366643712, 1268211906633961472, 1268211924946255880, 1268211965333291008, 1268211985868562435, 1268212007569960961, 1268212013756567552, 1268212018332516354, 1268212029753606145, 1268212052805500928, 1268212054516736001, 1268212060510466050, 1268212071801462784, 1268212078818603008, 1268212079992897536, 1268212112851116032]",78
49,2020-06-03 18:05:06,"[1268212131872354309, 1268212141011750916, 1268212165086937088, 1268212172716494850, 1268212189405548546, 1268212196015845376, 1268212205532692480, 1268212222230245376, 1268212223010365442, 1268212229691920386, 1268212232762130434, 1268212270460473346, 1268212276215021572, 1268212278828183560, 1268212280510033920, 1268212292023451649, 1268212316019077121, 1268212321316462594, 1268212369265737729, 1268212369962012674, 1268212419530305537, 1268212419844878337, 1268212422466306048, 1268212445270675457, 1268212450249277440, 1268212467932499979, 1268212474999865344, 1268212476803416066, 1268212489411604487, 1268212493970804738, 1268212502141325318, 1268212503818928128, 1268212551919206406, 1268212559439634432, 1268212570206470145, 1268212575457640449, 1268212592360726528, 1268212594764111872, 1268212599814074370, 1268212605782392834, 1268212626502410248, 1268212638263148547, 1268212640561729536, 1268212642444869633, 1268212644902830093, 1268212651747880964, 1268212655346548737, 1268212668084752386, 1268212670790021122, 1268212672996282369, 1268212680361459712, 1268212704482902024, 1268212712653443081, 1268212712984674307, 1268212718257004547, 1268212736690999296, 1268212752050540544, 1268212758614609921, 1268212777115619329, 1268212810686894083, 1268212825601855493, 1268212828340699137, 1268212836653772800, 1268212874020864001, 1268212893167820801, 1268212911371100161, 1268212927959576579, 1268212937820442624, 1268212948054478849, 1268212957592371200, 1268212968371695618, 1268212971039330304, 1268213003670953984, 1268213006166626311, 1268213040480161795, 1268213040832548866, 1268213041096785921, 1268213053671292929, 1268213070872162304, 1268213070930890754, 1268213076840656898, 1268213087087271941, 1268213097258536967, 1268213101750599681, 1268213102358781952, 1268213110378303489, 1268213115080118276, 1268213138681409538, 1268213167991205890, 1268213179785654272, 1268213201352744960, 1268213202065784833, 1268213202866798594, 1268213218289299461, 1268213225004380166, 1268213229542682625, 1268213246974197765, 1268213252036726790, 1268213261859782656, 1268213261989826560, 1268213265903112195, 1268213273914195973, 1268213278255316998, 1268213282965520386, 1268213312174645248, 1268213320395509762, 1268213334047850497, 1268213337793482757, 1268213346324615169, 1268213347977224192, 1268213361088565252, 1268213362640519169, 1268213376586481665]",113
50,2020-06-03 18:10:06,"[1268213385407139841, 1268213391132372993, 1268213395238653954, 1268213417749499914, 1268213423587852291, 1268213459948376066, 1268213462393655297, 1268213481540587521, 1268213489916665857, 1268213490096930817, 1268213492542251008, 1268213499823620096, 1268213503598497792, 1268213507562094592, 1268213513580957697, 1268213515564855297, 1268213531238948864, 1268213576671604741, 1268213585576112134, 1268213594723885057, 1268213607659180038, 1268213615225647118, 1268213624092463105, 1268213634058027011, 1268213646213156864, 1268213663267250176, 1268213663711854592, 1268213670280077313, 1268213672758915078, 1268213674369564673, 1268213675799740419, 1268213680958844928, 1268213682296836096, 1268213708238589955, 1268213716560076801, 1268213720196530176, 1268213723933655049, 1268213725573545990, 1268213738320080896, 1268213745911726080, 1268213759862018054, 1268213766405214208, 1268213772629479427, 1268213784008634368, 1268213790081978368, 1268213799456210944, 1268213816388657153, 1268213817261121538, 1268213822705168389, 1268213841827106816, 1268213842330497026, 1268213849561448450, 1268213877411663874, 1268213891257032704, 1268213894427873282, 1268213918331174913, 1268213932742844420, 1268213938279325697, 1268213946999332866, 1268213954830090243, 1268213956180619266, 1268213961188663297, 1268213962392428545, 1268213965970161665, 1268213975856152577, 1268213980398604288, 1268213997930606593, 1268213998757056512, 1268214001609170945, 1268214010429784064, 1268214014640902144, 1268214016272404480, 1268214042772090881, 1268214043002769409, 1268214044365914115, 1268214046232391689, 1268214048677597193, 1268214053211713537, 1268214060383899648, 1268214068717985792, 1268214095150485504, 1268214126091829248, 1268214127484375041, 1268214136640602113, 1268214148455858182, 1268214152398602240, 1268214164838850561, 1268214167225466880, 1268214167426736129, 1268214168429252615, 1268214168483700738, 1268214168576024577, 1268214172157968385, 1268214172514488321, 1268214178856255488, 1268214191040667650, 1268214193137819650, 1268214200578584576, 1268214204076605442, 1268214227732496386, 1268214234803994624, 1268214246225121280, 1268214246418112517, 1268214259722444801, 1268214268807217152, 1268214276843606016, 1268214279435624449, 1268214283751624705, 1268214283797762049, 1268214287434158080, 1268214291636924418, 1268214292727431171, 1268214316819505152, 1268214320011362304, 1268214320904769541, 1268214322792140800, 1268214324583108608, 1268214324683837440, 1268214324792868864, 1268214324981612548, 1268214325707255808, 1268214330237038594, 1268214335127654401, 1268214337694502914, 1268214348419411973, 1268214352131260416, 1268214355658670081, 1268214360989712384, 1268214364651356161, 1268214366610087937, 1268214382376476672, 1268214387426418688, 1268214393751420928, 1268214399539580928, 1268214401166979074, 1268214401552863233, 1268214405696798722, 1268214407257100290, 1268214408565739523, 1268214412810301440, 1268214413481390080, 1268214426655694848, 1268214427574296577, 1268214442304602112, 1268214446264135681, 1268214453797093386, 1268214466803630083, 1268214473485103107, 1268214482993627140, 1268214488186204160, 1268214506628530177, 1268214512978735108, 1268214515621126144, 1268214516942286854, 1268214520981446656, 1268214533618835457, 1268214542263365637, 1268214547128647684, 1268214590682300418, 1268214592699858944, 1268214595505795074, 1268214596281815043, 1268214596319543303, 1268214619925069826, 1268214630737985536, 1268214633548128261]",166
51,2020-06-03 18:15:06,"[1268214637222408194, 1268214638023507968, 1268214642230378496, 1268214656797196290, 1268214657774428160, 1268214659888357376, 1268214669065555975, 1268214670084714497, 1268214675327590400, 1268214678943137793, 1268214682847977472, 1268214696043307009, 1268214700384419840, 1268214702359941131, 1268214718667337731, 1268214725386649600, 1268214727546732545, 1268214763802296323, 1268214773889536000, 1268214774216654849, 1268214784295657472, 1268214786543714305, 1268214792088666112, 1268214808417120260, 1268214813156675585, 1268214814821822465, 1268214821239115778, 1268214830026100738, 1268214844467093504, 1268214848208453633, 1268214855556833280, 1268214855665946628, 1268214871906226176, 1268214874649382912, 1268214878948425728, 1268214890411499520, 1268214892949110787, 1268214898196131842, 1268214901471879168, 1268214916349136897, 1268214927422042119, 1268214937987485706, 1268214948506873856, 1268214948766928896, 1268214955322605570, 1268214957352660994, 1268214959651119106, 1268214972489875458, 1268214980412833800, 1268214992488333313, 1268214995017441280, 1268214996338696198, 1268215000038064128, 1268215003003457536, 1268215004278464512, 1268215005410885632, 1268215012772007936, 1268215021198327810, 1268215021621981187, 1268215045697273856, 1268215054106865664, 1268215058414305283, 1268215061677576194, 1268215084712673282, 1268215086910451713, 1268215109274517511, 1268215112411820033, 1268215113091289089, 1268215137393168384, 1268215138596859912, 1268215138995310593, 1268215140740145154, 1268215151678959616, 1268215152819781632, 1268215167617306624, 1268215171220209664, 1268215183702470657, 1268215189444399105, 1268215202119667713, 1268215221979668481, 1268215228413759495, 1268215229697134592, 1268215233161592833, 1268215235351064578, 1268215241621594112, 1268215266380562432, 1268215267814973442, 1268215272646860800, 1268215275494703104, 1268215280804810754, 1268215295992369153, 1268215302267027473, 1268215310378811398, 1268215317345566720, 1268215335284551680, 1268215344373563400, 1268215345380306947, 1268215350816096256, 1268215353617854466, 1268215356239339523, 1268215358940471298, 1268215365772947457, 1268215367714975751, 1268215374333595648, 1268215375050784768, 1268215377378541569, 1268215383795863552, 1268215386350260224, 1268215394944376833, 1268215411985842176, 1268215421313957888, 1268215438074413056, 1268215453203214337, 1268215458223833088, 1268215466624983047, 1268215479375728640, 1268215486203953152, 1268215490360508420, 1268215495397969921, 1268215503501303808, 1268215512179396610, 1268215517350854657, 1268215519418683394, 1268215524527308801, 1268215526888783873, 1268215530374258689, 1268215533536714752, 1268215541220737024, 1268215546182537219, 1268215560636174337, 1268215561844072453, 1268215573298716676, 1268215585692925953, 1268215589971070976, 1268215590436712450, 1268215594584813568, 1268215596983910402, 1268215602499502080, 1268215604911263747, 1268215605624258567, 1268215606433787904, 1268215610422542338, 1268215623466864640, 1268215631515615233, 1268215634908852224, 1268215642559254528, 1268215645906370562, 1268215655452606464, 1268215672393347073, 1268215675543269377, 1268215679557214208, 1268215680945577994, 1268215682283573250, 1268215691540381696, 1268215705377189889, 1268215709370368000, 1268215723421306882, 1268215725912739840, 1268215729037488128, 1268215737753186311, 1268215742044024832, 1268215756824743941, 1268215761165844481, 1268215770644910080, 1268215773148954624, 1268215775480950784, 1268215775841714177, 1268215783102038017, 1268215789414486017, 1268215818271240195, 1268215823119921155, 1268215835304263691, 1268215840727543809, 1268215841323200514, 1268215847119720450, 1268215850718412805, 1268215876790222860, 1268215878203650048, 1268215885334011905]",179
52,2020-06-03 18:20:06,"[1268215903776395264, 1268215907416932352, 1268215912483696646, 1268215914438287360, 1268215927792959488, 1268215933983653891, 1268215945660686336, 1268215961640984591, 1268215982029488128, 1268216000178241537, 1268216008919126019, 1268216018989715458, 1268216032755429376, 1268216033220984833, 1268216045732495367, 1268216059087200258, 1268216062467866627, 1268216067299717120, 1268216089655365640, 1268216095523176455, 1268216108768735238, 1268216110454882304, 1268216118809944065, 1268216132382724097, 1268216144411885573, 1268216158471237634, 1268216159297572865, 1268216184866066435, 1268216211143299075, 1268216229141139459, 1268216231875706881, 1268216242197929986, 1268216242516537347, 1268216247835144195, 1268216260136857601, 1268216266520698881, 1268216272090730497, 1268216281259524098, 1268216288352055296, 1268216291934056448, 1268216292361854977, 1268216293154529286, 1268216302612746242, 1268216324498563072, 1268216335449968649, 1268216340965441536, 1268216343087718405, 1268216346527109122, 1268216349815422976, 1268216375010562053, 1268216377359380484, 1268216401732435969, 1268216423786131456, 1268216483001372674, 1268216483840176128, 1268216509610024960, 1268216530455724034, 1268216538802388993, 1268216549984395266, 1268216553474076672, 1268216565616513024, 1268216620012515330, 1268216633446801408, 1268216651553570816, 1268216655324352512, 1268216668393742337, 1268216671749144576, 1268216679902969863, 1268216702652813318, 1268216737398472704, 1268216749201264641, 1268216751164207105, 1268216753018081280, 1268216778997616640, 1268216785599373312, 1268216796022280194, 1268216814754037760, 1268216845179539457, 1268216863592497152, 1268216893938302977, 1268216905048915969, 1268216908870045698, 1268216912321884161, 1268216913093689345, 1268216921993994242, 1268216938834145281, 1268216979330158593, 1268216998292598784, 1268217023504551937, 1268217037446352896, 1268217046518677505, 1268217049454706689, 1268217054152318983, 1268217065615306759, 1268217074368856064, 1268217107046637570, 1268217121911255040, 1268217123228262402, 1268217125963026437, 1268217132153819139]",100
53,2020-06-03 18:25:06,"[1268217161643888651, 1268217164751872000, 1268217188810469376, 1268217259253735425, 1268217262491779076, 1268217271442444294, 1268217272302292992, 1268217293185732615, 1268217304585732105, 1268217304795529217, 1268217365034139648, 1268217374655885314, 1268217380410449921, 1268217397783166988, 1268217416921812993, 1268217432931479553, 1268217438686060545, 1268217441898958849, 1268217467081494530, 1268217490670321670, 1268217506562551817, 1268217519816486912, 1268217520605061123, 1268217527869595648, 1268217527936716801, 1268217534228189188, 1268217535666757633, 1268217538284052485, 1268217547725438981, 1268217599101468673, 1268217599382499330, 1268217634723713024, 1268217640885026816, 1268217677979488256, 1268217692877701120, 1268217693703979008, 1268217750167662593, 1268217751396585475, 1268217758325538816, 1268217758698913792, 1268217782379970567, 1268217825212145664, 1268217847869771780, 1268217853657956355, 1268217873958424576, 1268217883462639617, 1268217890131652608, 1268217890165198851, 1268217894976045058, 1268217905633792002, 1268217907676352512, 1268217909903589377, 1268217939817267201, 1268217948059115525, 1268217949686505475, 1268217956510707717, 1268217975393472512, 1268218008301944832, 1268218039763337218, 1268218045933268992, 1268218062886535172, 1268218063935213569, 1268218083023429635, 1268218087926632450, 1268218088144736256, 1268218089323343872, 1268218109820833792, 1268218120566706178, 1268218124765184000, 1268218127864737796, 1268218131031429123, 1268218133883617280, 1268218140158242821, 1268218152774754305, 1268218163642204160, 1268218165089251328, 1268218181941891073, 1268218199922835458, 1268218206017159169, 1268218220739203073, 1268218236283346960, 1268218256034324484, 1268218264200646656, 1268218265727361029, 1268218269611241472, 1268218277022642176, 1268218281099440128, 1268218298598141952, 1268218308920303620, 1268218310363054080, 1268218323537481729, 1268218325127041026, 1268218337106034689, 1268218349055627266, 1268218372124282881]",95
54,2020-06-03 18:30:06,"[1268218412880277508, 1268218422350970880, 1268218425387745287, 1268218432132169728, 1268218432526393345, 1268218465745276929, 1268218467456552960, 1268218470304546819, 1268218473425092609, 1268218487723438080, 1268218487736057858, 1268218501879169030, 1268218504903344130, 1268218509621891073, 1268218510783676419, 1268218547202854918, 1268218566152720385, 1268218577590550534, 1268218598142640134, 1268218603217784834, 1268218608330715136, 1268218611417714690, 1268218620380930049, 1268218631902674945, 1268218643814457345, 1268218644477198337, 1268218645303439360, 1268218649711706113, 1268218661300572165, 1268218665343778819, 1268218700366299136, 1268218703163928583, 1268218706473205760, 1268218753432653827, 1268218803160260608, 1268218808583499777, 1268218820491165699, 1268218834445533184, 1268218899952271361, 1268218906361159686, 1268218918872719361, 1268218932449759232, 1268218937570983938, 1268218946848804864, 1268218962006945792, 1268218964909404160, 1268218968021622785, 1268218979409166343, 1268218998367424516, 1268219007267737603, 1268219013672337409, 1268219020639195137, 1268219038624354304, 1268219077908144129, 1268219082094100480, 1268219082744225797, 1268219085655085057, 1268219120832651264, 1268219140168396800, 1268219144081678336, 1268219169448706049, 1268219201354948610, 1268219216064364545, 1268219243562237958, 1268219249316806658, 1268219250054963201, 1268219250621153280, 1268219257923547138, 1268219266744176646, 1268219268455374848, 1268219270175088643, 1268219273421434883, 1268219296733433857, 1268219296901148672, 1268219300550193154, 1268219347320872966, 1268219359375380481, 1268219374361509889, 1268219374428708870, 1268219380728545280, 1268219416254300162, 1268219439440367619, 1268219452556021766, 1268219476425814016, 1268219496386498560, 1268219498378735620, 1268219506217844736, 1268219515021791233, 1268219530943365130, 1268219534026170373, 1268219544860012549, 1268219552552402948, 1268219572685078528, 1268219586127843328, 1268219626867036160, 1268219653568020483, 1268219667149094916]",97
55,2020-06-03 18:35:06,"[1268219673872601088, 1268219695943090179, 1268219696404365312, 1268219699445338112, 1268219736300630025, 1268219744810938371, 1268219759910367232, 1268219763123240968, 1268219781800513539, 1268219808941776897, 1268219818659979264, 1268219833184894977, 1268219851992154112, 1268219855049838593, 1268219864549908481, 1268219865921400842, 1268219871868968960, 1268219877891780609, 1268219880236605441, 1268219907465973760, 1268219907990335488, 1268219910922080256, 1268219950914822144, 1268219957587959817, 1268219962851762176, 1268219970313478146, 1268219990748147712, 1268220015372894209, 1268220018095009793, 1268220029063094273, 1268220037569163265, 1268220043386597386, 1268220059937312774, 1268220070293102595, 1268220099040882690, 1268220129340514311, 1268220131798396930, 1268220140899966978, 1268220194272481282, 1268220230037356544, 1268220247456260096, 1268220251617067014, 1268220276493488131, 1268220287251894272, 1268220328997785601, 1268220330620981251, 1268220340511084545, 1268220349600186371, 1268220355338031105, 1268220356319424519, 1268220366834536448, 1268220377395859457, 1268220389173362693, 1268220392331714560, 1268220400158363648, 1268220417485012992, 1268220420127408133, 1268220423088615425, 1268220428700528642, 1268220433041698816, 1268220477203505154, 1268220477786513411, 1268220510325932034, 1268220518035054592, 1268220591590572033, 1268220643155283968, 1268220645797740544, 1268220649874558977, 1268220679293472769, 1268220705864388616, 1268220745970331649, 1268220777326874626, 1268220799183454210, 1268220847761895424, 1268220849846452224, 1268220877012951040, 1268220908759592962, 1268220910156292100, 1268220920071696388, 1268220920344326144]",80
56,2020-06-03 18:40:06,"[1268220927898198018, 1268220935640887301, 1268220946948726784, 1268220947179372544, 1268220966544519172, 1268220997104218112, 1268221017647992836, 1268221046664151041, 1268221052745908224, 1268221056533303296, 1268221065324625923, 1268221092340158464, 1268221102481956864, 1268221153455353856, 1268221156198436868, 1268221205309542404, 1268221219360382978, 1268221230106251265, 1268221243175710722, 1268221244731805699, 1268221245058842631, 1268221254630342657, 1268221273760575488, 1268221277677944834, 1268221279619948544, 1268221299375120388, 1268221309919600640, 1268221318211739648, 1268221320799682560, 1268221349220229120, 1268221363090751497, 1268221385849135111, 1268221425556566016, 1268221449984184320, 1268221455206146051, 1268221461497552896, 1268221466845290496, 1268221474378219525, 1268221475263262721, 1268221479172354049, 1268221490798964736, 1268221492510298114, 1268221540719570946, 1268221562068635648, 1268221632314773511, 1268221635674415107, 1268221645803728906, 1268221650895544320, 1268221651172425729, 1268221658353020929, 1268221681027481600, 1268221686035382272, 1268221701021749249, 1268221721099800580, 1268221739198287873, 1268221753769308164, 1268221797801041928, 1268221813282217985, 1268221819716341766, 1268221822983700480, 1268221825860984833, 1268221836506079233, 1268221844836036609, 1268221853320876035, 1268221902058917891, 1268221916382404608, 1268221918001401857, 1268221937014190080, 1268221938335350786, 1268221984313413646, 1268221995126267907, 1268221996363587584, 1268222037757169664, 1268222053108375557, 1268222093935685636, 1268222133022441479, 1268222163011715079]",77
57,2020-06-03 18:45:06,"[1268222278057242627, 1268222285976133632, 1268222307295809542, 1268222309795606532, 1268222314895880200, 1268222322709757953, 1268222334483214338, 1268222361016377345, 1268222372072611842, 1268222402665873408, 1268222404414844933, 1268222424954388482, 1268222435968630788, 1268222439076630530, 1268222450111778822, 1268222479694213122, 1268222489156562945, 1268222528952111107, 1268222542579486721, 1268222563601321985, 1268222638717050883, 1268222680165167110, 1268222686376976384, 1268222690428694532, 1268222706161508360, 1268222710687154176, 1268222714524958722, 1268222780169912322, 1268222830006669312, 1268222881793740801, 1268222888445988864, 1268222917638270979, 1268222945996025857, 1268222991705542658, 1268222993861402629, 1268223009694892032, 1268223009858428929, 1268223055232450573, 1268223074761048064, 1268223094486962177, 1268223143136673803, 1268223200946720770, 1268223206772670466, 1268223247318953984, 1268223271608164353, 1268223318370537472, 1268223324523499520, 1268223362289074178, 1268223394278932481, 1268223394740346880]",50
58,2020-06-03 18:50:06,"[1268223468878913536, 1268223508699664387, 1268223531680174081, 1268223549736706055, 1268223575519105024, 1268223589758664712, 1268223610646343682, 1268223667118505986, 1268223691256668160, 1268223706272337921, 1268223708470149130, 1268223730368614402, 1268223731341590529, 1268223749876260865, 1268223761976877056, 1268223829027028993, 1268223849512030212, 1268223866024927233, 1268223931875577862, 1268223932974456837, 1268223939530174466, 1268223948510113793, 1268223969611730945, 1268223971029368835, 1268223975215312897, 1268223979166273537, 1268223980059664386, 1268223986657366016, 1268224028608692225, 1268224047009148928, 1268224099907706882, 1268224100411023360, 1268224102243983362, 1268224138390523905, 1268224153603244033, 1268224164726538246, 1268224188730540033, 1268224234293248000, 1268224284868128769, 1268224297820205057, 1268224308188459008, 1268224309195149312, 1268224317256601600, 1268224319357882370, 1268224386101886977, 1268224390350561281, 1268224394700247040, 1268224403101401088, 1268224461372874753, 1268224479139975169, 1268224480423411712, 1268224541127565321, 1268224585373233153, 1268224590658101251, 1268224644269649921, 1268224685696843785, 1268224697797410818]",57
59,2020-06-03 18:55:06,"[1268224748481384449, 1268224783889678336, 1268224796464160768, 1268224808598282241, 1268224823324479494, 1268224862037958656, 1268224885228265475, 1268224953884774403, 1268225006733086720, 1268225054430703617, 1268225081785925632, 1268225089587249152, 1268225105982828547, 1268225107807424526, 1268225129340952578, 1268225169614659584, 1268225183766249476, 1268225184630218752, 1268225246026489858, 1268225306810372098, 1268225323256119297, 1268225354939891712, 1268225358698070017, 1268225400943058951, 1268225403317030914, 1268225427274940422, 1268225432916242432, 1268225434598211584, 1268225470656626690, 1268225477245898758, 1268225481230495744, 1268225512394174489, 1268225524838653954, 1268225538256261123, 1268225596561281024, 1268225621513195520, 1268225633735360512, 1268225663519150081, 1268225672251662337, 1268225714555322369, 1268225715452993546, 1268225716468043776, 1268225732548931594, 1268225737355599878, 1268225767726624768, 1268225791931924480, 1268225800823803905, 1268225846759825409, 1268225852375994368, 1268225860798222336, 1268225872257077262, 1268225879328673795, 1268225922374737921, 1268225934819287040, 1268225954356310026]",55
60,2020-06-03 19:00:06,"[1268225978393862144, 1268225988590174211, 1268225989173227523, 1268225991949922304, 1268226058500763649, 1268226071201226754, 1268226093166858241, 1268226099676315649, 1268226122967326725, 1268226143360036868, 1268226200922730503, 1268226257780715520, 1268226284292841477, 1268226310884777984, 1268226401414627332, 1268226426685325312, 1268226437645053956, 1268226481639116802, 1268226511351492609, 1268226530448224257, 1268226540166406144, 1268226548672401409, 1268226568142364673, 1268226581933158400, 1268226583636082690, 1268226589139091458, 1268226591936712707, 1268226621556887557, 1268226634504691713, 1268226677651443716, 1268226679614431234, 1268226684307869698, 1268226692566388738, 1268226732072599554, 1268226739949506570, 1268226740591173635, 1268226780160294913, 1268226793871486978, 1268226811235893248, 1268226817116327936, 1268226831913758720, 1268226851786366978, 1268226934498037763, 1268226941775237120, 1268226971064053760, 1268226995579768834, 1268227012558274560, 1268227035710750728, 1268227158708805632]",49
61,2020-06-03 19:05:06,"[1268227228346847239, 1268227239335866368, 1268227257258123277, 1268227269107101696, 1268227290439331842, 1268227318058749952, 1268227387533205506, 1268227395535941640, 1268227411839156234, 1268227415320469506, 1268227483683491841, 1268227513873989634, 1268227549622083586, 1268227566193848321, 1268227593616097282, 1268227597114236928, 1268227627803987969, 1268227673580613639, 1268227707210477571, 1268227719235538945, 1268227791344074753, 1268227829155627009, 1268227903663284225, 1268227919937183751, 1268227985632608261, 1268227988216258560, 1268228021154131968, 1268228071859130368, 1268228136623357954, 1268228155178917888, 1268228159067099137, 1268228227564212226, 1268228248384741376, 1268228289178603521, 1268228300784250884, 1268228329548718083, 1268228330173669377, 1268228335483707398, 1268228433361985544, 1268228442178424832, 1268228448398594049]",41
62,2020-06-03 19:10:06,"[1268228504925212673, 1268228522738364418, 1268228525426868225, 1268228527507124224, 1268228549678374918, 1268228575645270021, 1268228578547773440, 1268228581467000832, 1268228601750720518, 1268228615835189256, 1268228640841568256, 1268228647334395904, 1268228647732862976, 1268228656448638979, 1268228657606201344, 1268228670071726082, 1268228671967563778, 1268228702497845248, 1268228724790636554, 1268228754045878273, 1268228756369530880, 1268228756675743744, 1268228762119921664, 1268228787331833857, 1268228789533921297, 1268228796609630209, 1268228806835417090, 1268228823134474242, 1268228826422824961, 1268228849441165322, 1268228870798483457, 1268228889140244484, 1268228903002398726, 1268228962947399680, 1268228967166869504, 1268228973512798208, 1268228977623212034, 1268228979892371457, 1268228979909169152, 1268228987408527360, 1268228989295960066, 1268229002646491137, 1268229058275540993, 1268229066630578185, 1268229085672718336, 1268229092723372041, 1268229101984395274, 1268229103687254023, 1268229124167995394, 1268229156489355264, 1268229178626891780, 1268229185249689600, 1268229189699854337, 1268229191910244354, 1268229208305696768, 1268229237628194819, 1268229239805030401, 1268229242925563907, 1268229266266824705, 1268229307152949249, 1268229319681282050, 1268229320327249925, 1268229321929392129, 1268229380456828928, 1268229387360653317, 1268229399486357504, 1268229402401419265, 1268229423653888002, 1268229429198798855, 1268229430989684736, 1268229450682060803, 1268229489634525189, 1268229523918774272, 1268229544412053505, 1268229549818511360, 1268229553765441540, 1268229558777634816, 1268229583419170817, 1268229585969319936, 1268229590704676865, 1268229606085218306, 1268229648170782725, 1268229650448334850, 1268229702847803395, 1268229717175525378]",85
63,2020-06-03 19:15:06,"[1268229788218646533, 1268229803699773453, 1268229836394430464, 1268229846393593856, 1268229847295373316, 1268229864093626370, 1268229891385950209, 1268229919873646594, 1268229961418227712, 1268229976937152513, 1268230033623179264, 1268230056352067590, 1268230070495326209, 1268230118792667142, 1268230168939724808, 1268230170135191552, 1268230227009953794, 1268230234870071296, 1268230243162173447, 1268230277798772736, 1268230282643214337, 1268230311483191297, 1268230327492902913, 1268230358643945474, 1268230360359452672, 1268230361865224194, 1268230363635220480, 1268230374250995713, 1268230393578303501, 1268230403711787008, 1268230405351751680, 1268230405372751878, 1268230423336955907, 1268230429942964224, 1268230434749636609, 1268230441049481221, 1268230448783785986, 1268230482430513153, 1268230484225667078, 1268230502915485696, 1268230507751444480, 1268230520959361024, 1268230523161321472, 1268230524289667074, 1268230535727456257, 1268230547198947332, 1268230569667760131, 1268230613724733442, 1268230618053255168, 1268230634843049985, 1268230641776279552, 1268230702690177024, 1268230711212941313, 1268230734533230593, 1268230740057247744, 1268230754355593220, 1268230757266460675, 1268230760064077826, 1268230814615175168, 1268230827336482818, 1268230828062097409, 1268230829815234562, 1268230842393989120, 1268230867140456449, 1268230889315676161, 1268230898983583746, 1268230966985850889, 1268230970794278912, 1268230973663174659, 1268230981397463042, 1268230990117421061]",71
64,2020-06-03 19:20:06,"[1268230994341003269, 1268230997629427712, 1268230999193858049, 1268231006538039297, 1268231052289507330, 1268231055938670595, 1268231056852992006, 1268231072095100930, 1268231077593862144, 1268231082744348679, 1268231099295170562, 1268231102482825221, 1268231105452347393, 1268231106912038917, 1268231113790586881, 1268231116399546370, 1268231130412703746, 1268231168022982656, 1268231168622759939, 1268231168627015680, 1268231193738317825, 1268231196745568260, 1268231202483449858, 1268231228496502784, 1268231230782398464, 1268231231537364994, 1268231245676384258, 1268231247022755842, 1268231254631165965, 1268231258850508800, 1268231261153300487, 1268231267662823427, 1268231268531146753, 1268231269822971917, 1268231338768859136, 1268231339645550593, 1268231354896039939, 1268231355311194112, 1268231365205667840, 1268231378434433027, 1268231390694383619, 1268231409698775040, 1268231430527737856, 1268231454573633536, 1268231477935976448, 1268231478309240834, 1268231493572112385, 1268231528108167168, 1268231577160556552, 1268231582923530240, 1268231589638668288, 1268231609624547329, 1268231614074626051, 1268231618227048449, 1268231625562828802, 1268231640331030528, 1268231684278890499, 1268231722396717056, 1268231734748905473, 1268231743070449665, 1268231755926056965, 1268231760267149312, 1268231776088064001, 1268231818102345735, 1268231831104770050, 1268231831767396359, 1268231831855472640, 1268231844077735936, 1268231858287935489, 1268231875841187841, 1268231878445760512, 1268231878622003205, 1268231950034251777, 1268231958007615488, 1268231978509381634, 1268231990584635392, 1268231995865341959, 1268232016698408966, 1268232034805256192, 1268232035778338822, 1268232048742989833, 1268232080745533440, 1268232090337849344, 1268232094192488450, 1268232104242020352, 1268232109925306371, 1268232116132773891, 1268232126127841282, 1268232136051568641, 1268232152665198592, 1268232157253775360, 1268232176920821761, 1268232194847318016, 1268232209938423808, 1268232219543379968, 1268232221917315073, 1268232241697693696, 1268232244885434368]",98
65,2020-06-03 19:25:06,"[1268232266263781379, 1268232283682529280, 1268232336572907521, 1268232355069689857, 1268232370043465730, 1268232370106306560, 1268232372618760195, 1268232454449627136, 1268232500976988160, 1268232514570801157, 1268232526071562241, 1268232532467888130, 1268232572699631616, 1268232607722082308, 1268232621307330560, 1268232672373092353, 1268232682317795328, 1268232735707054081, 1268232739414847489, 1268232756946964480, 1268232808675360769, 1268232820545204224, 1268232828564713473, 1268232831790170114, 1268232863268421637, 1268232863780147206, 1268232884269219841, 1268232919212085253, 1268232922097692673, 1268232958990864384, 1268232961402507264, 1268232972941045762, 1268232980859957249, 1268233010081681417, 1268233039710167045, 1268233058781728776, 1268233087269380098, 1268233094852743175, 1268233127597674497, 1268233131188006913, 1268233153447165954, 1268233175391776771, 1268233208988131330, 1268233241636601857, 1268233259349147656, 1268233268895404032, 1268233285634752512, 1268233296963567616, 1268233298326806530, 1268233300784623617, 1268233301464174613, 1268233312813879296, 1268233326185373703, 1268233327246483457, 1268233361484644353, 1268233367675441152, 1268233373069250560, 1268233377997611011, 1268233389339037699, 1268233390475694083, 1268233399300501505]",61
66,2020-06-03 19:30:06,"[1268233511628165123, 1268233535166517248, 1268233551792742403, 1268233591353376769, 1268233605450477577, 1268233612157206529, 1268233619899928577, 1268233625008562176, 1268233626560446464, 1268233642943418368, 1268233644444917762, 1268233666062356481, 1268233668046307328, 1268233669266886657, 1268233681228963841, 1268233705207877632, 1268233707384647681, 1268233711063097344, 1268233737659199491, 1268233750623801349, 1268233764305584129, 1268233773939855360, 1268233779082076160, 1268233779396644866, 1268233804348559361, 1268233847424135169, 1268233872904466436, 1268233876515835905, 1268233908816154626, 1268233991955591169, 1268234034557128712, 1268234035517706241, 1268234067075633152, 1268234070577811456, 1268234097526267906, 1268234098771922945, 1268234105193410560, 1268234129935601664, 1268234151188140033, 1268234170536427522, 1268234177062854656, 1268234203562422284, 1268234267269697542, 1268234272571379712, 1268234299561644036, 1268234305362366464, 1268234318964559874, 1268234319308509184, 1268234320449282055, 1268234324895301637, 1268234326925287425, 1268234335636897793, 1268234348400128000, 1268234398912188419, 1268234427169210368, 1268234440368685056, 1268234493564985345, 1268234495964205056, 1268234510921072646, 1268234519141892102, 1268234541967331328, 1268234555548471297, 1268234557603618817, 1268234561433088002, 1268234566239694849, 1268234597738872837, 1268234668857532416, 1268234668945674241, 1268234669335752705, 1268234685546729472, 1268234698767175682, 1268234699903848452, 1268234720170725388, 1268234720946589698]",74
67,2020-06-03 19:35:06,"[1268234783735320576, 1268234835543363584, 1268234838697553920, 1268234853864157185, 1268234855055347713, 1268234893634535426, 1268234900030869504, 1268234905089118208, 1268234909715439619, 1268234913846824960, 1268234990917165057, 1268235016783437827, 1268235051122282496, 1268235065336758272, 1268235067597434886, 1268235081937813505, 1268235085620416512, 1268235190981320710, 1268235238934708224, 1268235264180342789, 1268235302189051906, 1268235310015668224, 1268235396573511682, 1268235418782388229, 1268235436629069836, 1268235447714619392, 1268235468300263424, 1268235502853009408, 1268235512474750976, 1268235555961266177, 1268235565041926148, 1268235594888613890, 1268235612253020161, 1268235618699665408, 1268235635812335616, 1268235670658613248, 1268235735854874625, 1268235788401197056, 1268235794013212673, 1268235813583753218, 1268235815731245056, 1268235819334152192, 1268235868940238849, 1268235885092446208, 1268235892503822337, 1268235895519563780, 1268235907343228930, 1268235958803202051, 1268235980944879616, 1268236005821341696]",50
68,2020-06-03 19:40:06,"[1268236033520525320, 1268236068211621890, 1268236108229459968, 1268236117016535041, 1268236120795512834, 1268236122943098883, 1268236141355991041, 1268236143906164737, 1268236149237133322, 1268236158410133504, 1268236161954316296, 1268236173820006403, 1268236186797125634, 1268236201066205185, 1268236225472860160, 1268236233853087751, 1268236238449934338, 1268236247337762817, 1268236275624169472, 1268236276467224580, 1268236287477190657, 1268236302849314821, 1268236310285860866, 1268236322340208641, 1268236329911009282, 1268236356645502982, 1268236367714226176, 1268236380817297411, 1268236395878977537, 1268236414476484611, 1268236419094503424, 1268236433032196097, 1268236469849788416, 1268236483938398208, 1268236501458006022, 1268236525059428353, 1268236539445870593, 1268236552129458177, 1268236584874319882, 1268236612464447488, 1268236615253712898, 1268236624556687365, 1268236629896040448, 1268236648573255682, 1268236675869822977, 1268236686867206145, 1268236687068532738, 1268236694261846016, 1268236696279298048, 1268236708405030914, 1268236713933058050, 1268236730748014593, 1268236743012204546, 1268236746074075138, 1268236758279426048, 1268236779485900800, 1268236794136535043, 1268236795344494592, 1268236799543042050, 1268236822922002439, 1268236824289427458, 1268236826776649740, 1268236832057237505, 1268236841385369601, 1268236899224879105, 1268236925061738498, 1268236928748584960, 1268236932942888962, 1268236958708441089, 1268236978258169857, 1268237004375982080, 1268237023669878785, 1268237044238729217, 1268237053143195649, 1268237067353456640, 1268237070948057090, 1268237096344576000, 1268237125125918726, 1268237138430222336, 1268237191622377477, 1268237199545434113, 1268237244625752064, 1268237253068951552, 1268237257791680512]",84
69,2020-06-03 19:45:06,"[1268237290960232448, 1268237306579877888, 1268237310207971328, 1268237341908512779, 1268237361072279552, 1268237425630986240, 1268237457788669952, 1268237473827692546, 1268237500692250624, 1268237510855004160, 1268237526994751493, 1268237576072282113, 1268237611317018625, 1268237612164268032, 1268237616337616897, 1268237626789834758, 1268237636923203584, 1268237637359468546, 1268237652861607937, 1268237662969901059, 1268237696247496704, 1268237715969052672, 1268237734432460808, 1268237737783689224, 1268237747640295429, 1268237755173285888, 1268237775297343488, 1268237790707400704, 1268237799871918080, 1268237801247703046, 1268237802577240064, 1268237803416162313, 1268237835288657921, 1268237839449444355, 1268237861763063808, 1268237886794629120, 1268237889256730630, 1268237894310932482, 1268237935578681344, 1268237935633141762, 1268237953895206912, 1268237997037813770, 1268238015878529031, 1268238024636235776, 1268238049311444992, 1268238071419621377, 1268238101597622272, 1268238172594601986, 1268238172925890569, 1268238206547431426, 1268238244082302976, 1268238279335383045, 1268238296058073090, 1268238298889302020, 1268238302827745284, 1268238339733360642, 1268238380564971521, 1268238397228941314, 1268238420222099456, 1268238534936231937]",60
70,2020-06-03 19:50:06,"[1268238547296964608, 1268238551063412737, 1268238572282359816, 1268238600577134599, 1268238610563817472, 1268238649939935233, 1268238703111127040, 1268238712242044928, 1268238718315397123, 1268238760174592001, 1268238766197682176, 1268238789136261121, 1268238833398800385, 1268238842257170432, 1268238846111727627, 1268238855460831233, 1268238872682598410, 1268238910943047680, 1268238912868270082, 1268238922204790786, 1268238927867138049, 1268238942375206914, 1268238945403404289, 1268238959030743045, 1268238974885265410, 1268238975510159363, 1268239005033824258, 1268239005872803841, 1268239025359421442, 1268239080871116800, 1268239090346078209, 1268239157853380608, 1268239162202828800, 1268239172290166785, 1268239194679377924, 1268239226614755330, 1268239241080954882, 1268239242133753856, 1268239277021958146, 1268239281161723906, 1268239285473468416, 1268239288438788096, 1268239289894256642, 1268239297028722688, 1268239300077989893, 1268239309649428482, 1268239324555902976, 1268239336325160961, 1268239351466647552, 1268239372303900674, 1268239412036620295, 1268239470115074048, 1268239478470201348, 1268239479812370439, 1268239497273229312, 1268239506873946113, 1268239519826010115, 1268239562947657728, 1268239566940573699, 1268239655721267200, 1268239672410624003, 1268239697660252160, 1268239718833102849, 1268239721282637826, 1268239727951581184, 1268239735320981506, 1268239735404859393, 1268239787263242240, 1268239790102773763, 1268239795429539841]",70
71,2020-06-03 19:55:06,"[1268239805202169857, 1268239811187544064, 1268239825888514050, 1268239842678317063, 1268239857991725058, 1268239860755763200, 1268239895518158849, 1268239905202806786, 1268239907241091076, 1268239920646291456, 1268239933497581568, 1268239956062896137, 1268239965592444932, 1268239974207500288, 1268239978754179074, 1268239993224466434, 1268240020894371842, 1268240026216865793, 1268240032655163392, 1268240040964034560, 1268240072492683268, 1268240120852987906, 1268240130017570816, 1268240151697862668, 1268240161856466945, 1268240168454062081, 1268240182555312135, 1268240215484911617, 1268240221029773312, 1268240235302924289, 1268240243842600962, 1268240255280467975, 1268240266395254788, 1268240291485618184, 1268240319704903690, 1268240331989897216, 1268240337681756161, 1268240348599537664, 1268240367247376386, 1268240373689864198, 1268240457949208579, 1268240463531778055, 1268240476131545090, 1268240485757472768, 1268240499107934208, 1268240507290910721, 1268240509803397122, 1268240511468519425, 1268240523413934080, 1268240525792088064, 1268240531257163776, 1268240536059723778, 1268240540019109888, 1268240540623155200, 1268240569022779393, 1268240572025798656, 1268240582842945536, 1268240619861917696, 1268240627109695488, 1268240641949130753, 1268240644339892224, 1268240659015782400, 1268240660278185984, 1268240674077450240, 1268240678984744961, 1268240679337156613, 1268240681887166464, 1268240688430419971, 1268240697154469889, 1268240701302734848, 1268240712082100225, 1268240725306638345, 1268240738984345604, 1268240739839938572, 1268240750912974850, 1268240791371120647, 1268240793350877184, 1268240821901496321, 1268240837407883274, 1268240868085030912, 1268240872329576448, 1268240884526649347, 1268240886024069120, 1268240905380564992, 1268240909759545345, 1268240974188359687, 1268240975924801538, 1268240989384212482, 1268241032291942400]",89
